,Is_Unreliable,Category,Tweet,Test_Fold
0,1,"1, 3, 6, 9",We are living in scary times in Canada. Gov’t refuses to protect Canadians from coronavirus,3.0
1,1,"1, 6, 8, 9","Just as bad in Canada. In fact, our government is now accusing us of racism for blaming the Chinese for coronavirus",9.0
2,1,"1, 4, 9","It was only a matter of time before the mainstream media decided to blame the coronavirus on climate change, I suppose.",1.0
3,1,"6, 8","Russia's taking no chances: Foreigners infected with the new Chinese coronavirus will be quarantined, isolated &amp; deported, PM",5.0
4,1,"6, 8, 9","Although there is now a presumptive confirmed case of Wuhan novel coronavirus, I want you to know that Ontario is prepared",8.0
5,1,"3, 10","hooray, finally there is a propaganda banner telling people they can make babies if getting bored staying home #coronavirus",4.0
6,1,"5, 6, 10",#Russia is pushing propaganda claiming the #coronavirus is a US bio weapon targeting #China because of #Trump’s trade,1.0
7,1,8,Who Says It's Not Safe to Travel to China? | @nytimes https://t.co/XnCdNqUmWi #travelmarketing #coronavirus #China #travelwarning #travel #thursdaythoughts #Toronto,5.0
8,1,3,The best defense against disturbing new diseases like #coronavirus is bolstering public health systems of the world’s,9.0
9,1,"1, 3, 6, 8","China, Desperate to Stop Coronavirus, Turns Neighbor Against Neighbor “(People from Wuhan) are pariahs in China, among the millions unable to go home and feared as potential carriers of the mysterious coronavirus.",2.0
10,1,"5, 11","Coronavirus, with zero American fatalities, is dominating headlines, while the flu has killed dozens of U.S. kids this s…",1.0
11,1,"5, 6, 7, 8, 9",RT @daveaurkov: #Iran just killed 57 of our citizens. The #coronavirus is spreading for Canadians   Our economy needs support.  ,3.0
12,1,"3, 6, 8, 15",The Chinese Coronavirus has become a major existential crisis for secretary xi and his cadre of miscreants. ,8.0
13,1,9,"Diseases like coronavirus remind us why we need robust institutions and investments in public health, and a government that is prepared to jump into action at a moment's notice",10.0
14,1,"2, 10, 11",YA THINK!!?!!?! Study claiming new #coronavirus can be transmitted by people without symptoms was flawed,9.0
15,1,10,It was good for publicity’ says man arrested for false coronavirus claim on Jamaica-bound plane - via @680news https://t.co/IdyDbXqPqq,2.0
16,1,"6, 11, 14","The #coronavirus outbreak may have been predicted in the Bible, as well as its origins in China's markets.",5.0
17,1,"6, 11",Coronavirus cure: 'Substantial benefits' recorded after breakthrough drug used in China https://t.co/IyJwUTTKbc ,4.0
18,1,"1, 3, 4, 9",I see more and more videos of people refusing to be quarantined due to #coronavirus. They’re definitely terrified of something,3.0
19,1,"9, 10, 11, 12, 15","Communist China is lying about true extent of Coronavirus outbreak - If Communist China doesn’t come clean, internation",4.0
20,1,"6, 10, 15","Exclusive: Chinese Regime Deploys 1,600 Online Trolls to Suppress Information on Coronavirus https://t.co/JKoPgU6vlN ",10.0
21,1,"3, 9, 13",My nose is running this morning and its making the white people on my commute nervous. Bitch theres no coronavirus cases in toronto.,10.0
22,1,"6, 7","Hey Americans? Imagine #coronavirus in #US. Schools closed, Humans locked inside homes. Better to prepare for something",3.0
23,1,"6, 9, 11, 15",And we're only about a day from MAGA world declaring that the Coronavirus was designed by noted genetic engineer Hillary,4.0
24,1,16,The President is telling people to buy stocks rather than helping to educate them about how to avoid coronavirus.,4.0
25,1,"9, 10, 14, 16",I agree. Coronavirus will be used by the fossil fuel industry and auto industry as air cover for negative secular trends,4.0
26,1,4,It appears that apartment buildings are being sealed shut in some parts of China hard hit by #Coronavirus. ,5.0
27,1,"6, 10, 16",The Coronavirus proves Trump was correct again. The US must rebuke Globalism and be self sufficient in all aspects of,8.0
28,1,"9, 10","If the #Coronavirus crisis makes anything clear, it’s that we need to stop relying on #China for our critical medical supply",8.0
29,1,"6, 15",Professor Emerita of U.C. Berkeley School of Public Health Says ‘MAGAts’ Not Prepared for Coronavirus https://t.co/a67qmzcQEy,5.0
30,1,"6, 8, 11",#Chinese city of #Shenzhen to ban eating #cats and #dogs as part of moves to stop spread of #coronavirus South #China,1.0
31,1,"5, 9, 11",This is the complete DNA of the Coronavirus (SARS-CoV-2). We are being attacked by a 8 kilobytes virus. Remember this,4.0
32,1,"1, 2, 5, 15",The Usual Suspects Try To Find A Way To Blame #PresidentTrump For The #CoronaVirus ATTN Pathetic Pelosi People Who Kill,8.0
33,1,"2, 5, 6, 11",GOING VIRAL: Lysol Spray is known to kill ‘versions’ of human Coronavirus- it’s on their product labels #Lysol,2.0
34,1,"3, 6, 10",CNN Has Been Deliberately Trying To Incite Panic With #PresidentTrump Has No #CoronaVirus Plan  Talking Points  Watch,10.0
35,1,"2, 17",WATCH: @chrislhayes on Trump’s attempt to downplay the coronavirus spread in order to help his re-election,8.0
36,1,"1, 16","Janet Yellen has just said Coronavirus could ""put the US into a recession."" And that's the plan folks. All the hype for ",6.0
37,1,"2, 10, 11, 13",Can we PLEASE stop spreading the lie that Coronavirus is super super super contagious? It's not. It has a contagious rating of TWO,5.0
38,1,11,A Harvard epidemiologist now predicts 40-70% of the world population will get coronavirus in the next year. The virus has,6.0
39,1,"3, 16","The best advice for investors amid the coronavirus scare, the TSX stock handing out special dividends, and GICs to avoid",1.0
40,1,"6, 11","38% of Americans won't buy or drink Corona beer because of the #Coronavirus Once you've grasped that, Trump's Presidency",9.0
41,1,"10, 15",China concerned Western authoritarian government will cover up coronavirus outbreaks #CoronaVirusUpdates #COVID19,8.0
42,1,"5, 6, 10, 14","Donald Trump is battling the coronavirus with people who think science is a fraud, the Earth is flat, and Jesus chased dinosaurs off the edge of the world to make room for Christians. #TrumpVirus",4.0
43,1,11,Post Exclusive: Trump administration sent U.S. workers to greet returning coronavirus victims without protective gear,9.0
44,1,"1, 6, 9","I think Pence is being used as Trump's coronavirus scapegoat. If it becomes a pandemic in the US, Trump will blame Pence",7.0
45,1,"1, 5, 11","Reports on 60 #coronavirus cases in Iran with 9 of them dead already. Similar to #China, the Iranian government is hiding",5.0
46,1,2,UPDATE: The Chinese Communist Party (CCP) now admits to an internal report showing the Coronavirus did not originate from the Huanan food market as they initially stated.,3.0
47,1,16,Trump asserts coronavirus 'under control' as stocks plunge. It’s so well controlled that tRump and Melania should have to have to wear masks when they return to the United States.  Being confined until 2021 would also help make America a safer place to reside.,8.0
48,1,"7, 8",Chinese People Eating Bat Soup Linked to the Coronavirus-Video,5.0
49,1,"3, 8",Didn't Trump announce a Coronavirus task force and then everyone got mad that there were too many white men on it?,9.0
50,1,16,South African cops will take a bribe &amp; let the guy go #CoronaVirus #CoronaVirusUpdates,5.0
51,1,10,"Trump is now spreading rank conspiracy theories in the face of coronavirus. This isn't just Trump ""flooding the zone with chaos."" It's much more pernicious. Trump is trying to dodge accountability for his own response to a public emergency.",8.0
52,1,1,"Azar refuses to promise a coronavirus vaccine will be affordable for anyone:""We would want to ensure that we work to",9.0
53,1,8,Hong Kong finds the coronavirus in samples from a pet dog. Can the illness be transmitted to pet,9.0
54,1,"4, 9, 3",My friend was at O’Hare today and heard people laughing at the idea of washing hands to prevent coronavirus.,3.0
55,1,15,"hey #TrumpTrain #WHO official warns that #Trump is '""ignorant"" about #coronavirus and doesn't understand public health ",1.0
56,1,"11, 5, 9, 3","It’s less surprising that 38% of Americans said they won’t buy Corona beer because of the coronavirus when you remember that 30% of Republican voters once said they’d approve of bombing Agrabah, the fictional city in Aladdin.",4.0
57,1,"5, 1, 2, 3","Trump is trying to weaponize Coronavirus against immigration, blaming what he calls “the Democrat policy of open borders” for the “direct threat to the health and well-being of all Americans.” That’s INSANE. His demagoguery is now a clear and present threat to every one of us.",4.0
58,1,"2, 13, 9",YOU ARE NOT HALLUCINATING STEVEN MILLER'S NEW WIFE IS IN CHARGE OF APPROVING ALL CORONAVIRUS COMMUNICATION. WTF,10.0
59,1,"9, 1, 3",This is so outrageous I think I’m in shock. This was today! Trump can not gaslight the Coronavirus away,6.0
60,1,"9, 3, 12",We don’t have to worry about the coronavirus spreading here. Americans are smart enough to not spread their germs,5.0
61,1,"1, 3, 10","tRump is muzzling gov scientists and health experts, forbidding them from speaking about the coronavirus pandemic",8.0
62,1,4,"Since the outbreak of the coronavirus, has anyone from the Left suggested closing our Southern border? Wouldn't that",9.0
63,1,"8, 6","When Trump blocked Chinese travel to prevent the spread of Coronavirus, Chuck Schumer called it racist.",2.0
64,1,"6, 13, 10","Kristina Fischer on Fox News just said that the President called the coronavirus the Democrats's ""new hoax."" Wrong, dogbreath",9.0
65,1,"9, 1, 6, 10","Just so we’re all clear on this: The Democrat #coronavirus plan is to blame Trump, then hope that a whole bunch of Americans",7.0
66,1,"3, 10",Trump last night: coronavirus is a hoax; and his supporters should dishonestly vote in the Democratic primary for his weak,4.0
67,1,"10, 6","the expert is not being permitted to speak in the U.S. about #coronavirus. Rather, it’s the Trump &amp; Pence",5.0
68,1,"9, 8, 4",I see #cdnmedia are beginning to move on from the coronavirus-racism story to the blockades-racism story #cdnpoli,2.0
69,1,"9, 11, 4",if u  have coronavirus come see me in person i will show u the strength of my immune system,3.0
70,1,"15, 11",MAGA hats are made in China and may be infected with the Coronavirus. The only safe way to sanatize the hat is to burn it. ,1.0
71,1,10,"Pretty sure Trump thinks this coronavirus thing can be made better, or worse, with a letter from his doctor.",10.0
72,1,"5, 10, 9","“The UK is well-prepared to deal with coronavirus” says No 10, in surest sign yet that we’re all going to die.",1.0
73,1,"2, 4, 15, 16","America is not for sale!!! The deep state pushing coronavirus in attempt to stall economy, Hear it here on the X-22 Report",1.0
74,1,"3, 8",Tensions are running high across the world because of the #Wuhan #Coronavirus. Here is a video of 2 men getting into a fight,5.0
75,1,"4, 11",CDC suggests people shave facial hair to avoid contracting coronavirus - National,2.0
76,1,"15, 9","I’ll bet all those anti-vaxxers aren’t gonna be so anti-vaxx when it comes to the #coronavirus, are they?",2.0
77,1,"2, 1, 12, 6",With a LOOMING #CORONAVIRUS PANDEMIC #Trump Is Tweeting About #FoxNews RATINGS He wanted to demonstrate that he is super super continent,2.0
78,1,"3, 6, 9","Sir, Americans are worried that you’re not the best choice to manage the Coronavirus pandemic. Pence: Nonsense. ",1.0
79,1,"2, 9, 6, 7",Asia : CORONAVIRUS IS LOOSE! U.S.A.: OUR PRESIDENT IS LOOSE! Canada: Saving the kitty.  This is why I love our country,2.0
80,1,15,Coronavirus isn't nearly as dangerous to America as the severe case of #Donorrhea they have! Donald Trump Jr. rants Democrats,10.0
81,1,"3, 6",Geraldo Rivera: 'Deeply disappointed' that the left has used coronavirus to 'ridicule' Trump #FoxNews,1.0
82,1,"2, 11",HUGE BREAKING NEWS: Israeli Researchers on Cusp of Creating Coronavirus Vaccine -- Could be Ready in a Few Weeks and Available,2.0
83,1,"9, 11",Is this what we are to expect  from our medical experts if the coronavirus takes hold 'Treating the elderly would be sacrificed ,1.0
84,1,"9, 10, 17",What you are watching with the CoronaVirus has been planned and orchestrated. We are 8 months from the next Presidential elections,2.0
85,1,"10, 8, 15",Islamic Republic of liers and crooks! How Iran’s coronavirus outbreak began,7.0
86,1,"2, 5",BREAKING: Half of Italy is under MARTIAL LAW for the CoronaVirus. an area of 20 Million people in Forced Quarantine.,1.0
87,1,1,Trudeau is Canada's biggest threat The horribly incompetent and irresponsible way his team handled Coronavirus He refused,10.0
88,1,16,Trump offhandedly saying coronavirus is good for the American economy because people won't leave and spend money in other,2.0
89,1,5,"Boomers: the Coronavirus is important, because it kills people over 60, let's close the borders",3.0
90,1,"2, 11, 9",SAFETY ALERT The coronavirus can be spread through Masters badges. If you’ve received your 2020 tickets in the mail ,1.0
91,1,"1, 10",That both Dem candidates are not cutting and running endless ads about why the current coronavirus crisis exposes the catastrophy,10.0
92,1,"11, 9, 7",The coronavirus is all in ur head...  Just go for a walk or try meditate. U got this!!!,4.0
93,1,"2, 11, 7, 17",JOE BIDEN LITERALLY SAID HE'LL VETO MEDICARE FOR ALL. DURING THE CORONAVIRUS OUTBREAK. ON TV. THIS MAN IS NOT ELECTED,3.0
94,1,"2, 16, 9",CORONAVIRUS LOOPHOLE!!!!! If you don’t have insurance and can’t afford to take the $3200 test for the virus $1000 with insurance,4.0
95,1,"11, 10","EOIR has ordered immigration court staff to remove CDC posters designed to slow spread of coronavirus. No, this is not a parody account.",8.0
96,1,10,President - who said last night that #coronavirus is a “hoax” - will hold a news conf. 1:30 ET to discuss it,6.0
97,1,11,"Mashhad, NE #Iran Man collapses possibly due to coronavirus. Such scenes are becoming the new norm in Iran. Reminders",6.0
98,1,"10, 11",Pence caught in lies about insurance covering coronavirus test kits https://t.co/ghctYmKA36 #mustread #feedly,8.0
99,1,"9, 2, 14",and that's a no from me… Videos show Iranians LICKING holy shrines despite #coronavirus outbreak,10.0
100,1,"16, 11",#coronavirus #virus Reasons to buy back stocks today 1500 new cases 60 deaths 2700 recovered #markets #portfolio,8.0
101,1,"14, 11, 10",Ayatollahs’ solutions to the Coronavirus (and all other viruses): 1- Dip a cotton in oil and place it inside the anus before you sleep. 2- Take a bottle of water to a cleric and have him spit inside it for blessings before drinking. Not a joke.,1.0
102,1,9,"Because of the Coronavirus, we will no longer set out meeting leftovers in the staff kitchen. Except the good cookies from",10.0
103,1,3,President Trump has a personal responsibility to visit &amp; embrace all people in the US who contract #Coronavirus!,5.0
104,1,10,"If the Israelis do end up finding a vaccine for the coronavirus, the NYT is roughly 100% likely to write an unironic ",2.0
105,1,"9, 7", @D19VP @Sflecce You’ve fallen behind.  Now it’s all about the coronavirus. That’s the new reason a deal can’t be reached,9.0
106,1,11,Is your meth contaminated with coronavirus? This Florida police dept. will test it for free,10.0
107,1,7,TRUMP: Coronavirus is under control. CDC: Spread is inevitable. TRUMP: The media is trying to make it look worse than,7.0
108,1,"5, 2, 11","First WWIII, then coronavirus, now an asteroid????? What is 2020??? We’re defs all dying by the end of the year",5.0
109,1,"2, 16, 12, 9, 3",Please don’t be ALARMED ...but CORONAVIRUS will soon spread irreversibly through BANKNOTES. If you have any BANKNOTES,2.0
110,1,"3, 11",What a dangerous idiot! Trump urged people infected with coronavirus to go work. This contradicts CDC  guidance that people,5.0
111,1,"2, 4, 16",WATCH: Rick Santelli suggests infecting everyone with coronavirus — to lessen the economic impact,6.0
112,1,9, @littledeekay @realDonaldTrump My ears are not hit by windmill cancer yet! You said people who have the #Coronavirus but,7.0
113,1,"1, 4",The man believed to be coronavirus patient zero in Italy is a Pakistani migrant refused to self-isolate after testing positive,4.0
114,1,3,Australian shopper 'draws knife' in fight over toilet paper amid coronavirus stockpiling,3.0
115,1,2,"NHS ENGLAND HAS DECLARED CORONAVIRUS A ""LEVEL 4 INCIDENT"" WHICH IS THE HIGHEST LEVEL OF EMERGENCY- SKY NEWS",7.0
116,1,1," @realDonaldTrump Perfect. Just when States need more funding to fight the Coronavirus. You are pathetic, evil man. #VoteBlueNoMatterWho2020 #VoteBlueToEndThisNightmare",4.0
117,1,15,"Apparently Obama not only invented coronavirus, he also invented paper cuts, calories, standardized testing and the DM",2.0
118,1,"1, 11","8% of Iran parliament has #coronavirus &amp; it released 54,000 prisoners Iran is descending into chaos, the gvmnt incapable of",2.0
119,1,1,Doctors tell Florida woman she ‘likely’ has coronavirus but refuse to test her for it,5.0
120,1,11,Miracle: Coronavirus Passes Over Houses With Chick-Fil-A Sauce Smeared On Door Posts,7.0
121,1,"13, 9, 3",Is it just me or is Trump’s lying crap about the Coronavirus infinitely less credible (and infinitely more dangerous),10.0
122,1,2,#coronavirus Sale on at @WiseGuysLiquor! Buy a 24 Of Corona and receive a free roll of toilet paper!! Cashmere 2 ply!!,6.0
123,1,"2, 11",BREAKING: Leading virologist confirms the coronavirus is spread solely by men. Dr B.J. Hardick explained:,6.0
124,1,"10, 9",Coronavirus Data Is Still Misleading. Here’s What the Latest Numbers Don’t Tell You,3.0
125,1,"8, 6","What's going to happen , When one of LA, SF, Seattle or Portland's Zombie homeless junkies contract the Coronavirus .",6.0
126,1,"16, 11, 9",Cash Could Be Spreading Coronavirus The World Health Organization now advises to limit or cease your interaction,4.0
127,1,"15, 16","the coronavirus isn't here to convince Free Market Fundamentalists that nature's rules not the stock market's are what dictate reality, but it's doing that work.",7.0
128,1,16,The CDC is now using a company for coronavirus test kits that Trump previously owned stock in and there has been no,9.0
129,1,"8, 10",The media claims its racist and xenophobic for @RepGosar to call coronavirus the Wuhan Virus.  lol these people have no integrity,7.0
130,1,"3, 11","Senior German doctor says #coronavirus is a hysterical media infection, compares the virus to flu. So the governments of China",10.0
131,1,10,Somebody ought to get up a conspiracy theory to the effect that the coronavirus is a put-up job run by the multinational,2.0
132,1,"11, 3",The SARS-CoV-2 coronavirus is surrounded by fat. Soap is MORE effective at dissolving the fat and killing the virus than,1.0
133,1,"4, 11","CNBC anchor Rick Santelli suggests it would be better to let everyone get infected with Coronavirus, so that 2% of the",7.0
134,1,10,Trump Flatly Admits He'd Leave Americans Stranded to Hold Coronavirus Numbers Static,8.0
135,1,"13, 2",Bro she lied about having coronavirus symptoms so she wouldn’t have to sleep on the street LMFAOOOOOO,9.0
136,1,"5, 16",#coronavirus was always more of an economic than a health threat. It's never been about mass deaths. It's because thing,7.0
137,1,16,"Oil prices probably will guide the Bank of Canada through the early phase of the coronavirus crisis, @CarmichaelKevin writes",2.0
138,1,"9, 3",Let me get this straight:Democrats and the mainstream media are trying to incite panic over the Coronavirus,9.0
139,1,"13, 3",Coronavirus Hell...Depending on China for Manufacturing Medical Supplies OR Medicine is Pure Stupidity!,6.0
140,1,"5, 11",Intelligent People Know that the Death Ratio Between The Flu and Coronavirus are like Apples and Oranges!,1.0
141,1,"5, 16, 12",Thousands have died #Coronavirus. The stock market has collapsed. Recession may be imminent. And the so-called,3.0
142,1,15,#TrumpLies can’t fix #coronavirus but #MoronInChief @realDonaldTrump only has one tool in his toolbox and that’s hyperbole,8.0
143,1,"2, 3, 10, 17",Fox Host Goes BONKERS and Claims that Dems Want to Use Coronavirus to Impeach Trump,6.0
144,1,3,Paranoia Will Destroy Ya! Trump Melting Down: Fears Someone in the Press Will Give Him #Coronavirus On Purpose.,1.0
145,1,"10, 5","At CPAC, Mick Mulvaney rattled off his cuckoo coronavirus hoax theory, claiming liberals and the media are weaponizing",1.0
146,1,"3, 16",On the Hub: What if the real epidemic is Market Fear?  #stocks  #volatility #coronavirus via,6.0
147,1,17,Donald Trump is treating the coronavirus as something that could negatively impact his 2020 campaign rather than somethi,6.0
148,1,"5, 3",Melania Trump Tantrums Over White House Tennis Pavillion As Coronavirus Kills Americans,1.0
149,1,11, @berezin_goal Same goes for the one in Newmarket. People dont realize Coronavirus is literally less effective than the common cold smh,3.0
150,1,11,#Coronavirus has everyone stockpiling hand sanitiser — but how effective is it? This graphic takes a look!,6.0
151,1,"11, 9, 5","56,000 confirmed coronavirus patients have been discharge But the media talks about “the first death in the Netherlands” But that’s none of my business",7.0
152,1,"4, 11","#RickSantelli suggests it would be better to let everyone get infected with #Coronavirus, so that 2%",5.0
153,1,"10, 7, 2, 16",This MUST be exposed. NOW. GOP blocking coronavirus bill — because it limits how much drugmakers can charge for a,3.0
154,1,"11, 9","#CoronaVirusChallenge Wear condoms on your hands.  If it can stop HIV, it can stop CoronaVirus, that's my theory.",4.0
155,1,"9, 13, 3","I’m not trying to ring alarm bells, but we might all be fucked.  #CoronaVirusSeattle #coronavirus",1.0
156,1,"4, 11, 6","it seems that - WHO produced this CoronaVirus - has spread it in 4 different countries: China Iran 10,000 deaths",9.0
157,1,"1, 10",Mike Pompeo refuses to say coronavirus is not a hoax. @tedlieu: You can’t even say it’s not a hoax? Trump: Deny it’s a,5.0
158,1,9," @POTUS, @VP and our nation’s health professionals will continue to manage #coronavirus crisis decisively. Let’s put aside",2.0
159,1,"10, 17","On Friday, Politico published an article headlined ""Trump rallies his base to treat coronavirus as a ‘hoax.’""The Daily",8.0
160,1,"14, 15, 9",Mike Pence and his coronavirus emergency team praying for a solution. We are so screwed.,10.0
161,1,11,Trudeau throws open doors to welcome Coronavirus to Hamilton One of the thousands of people flying from infected countries,9.0
162,1,"11, 15",Donald Trump’s “brilliant” idea: using flu vaccine to defend against the coronavirus. He really is a dotard. The degree,9.0
163,1,15,"Instead of taking care of #Iranian victims of #Coronavirus, Iran's regime continues its attempts to achieve nuclear weapon",1.0
164,1,17,Democrat Tweets Her Support Of Infecting Large Amounts Of Trump Supporters By Spreading Coronavirus At Trump Rallies,7.0
165,1,"2, 17",BRUTAL. Chelsea Clinton Attempts to Lecture President Trump on Coronavirus -- Gets Destroyed by Trump Supporters and Facts,1.0
166,1,"11, 9",DD6 (sprinkles brown sugar on her oatmeal...) DS8 - you’re gonna get Coronavirus if you eat too much sugar.,10.0
167,1,"15, 5, 9","To loosely quote Stalin, “No Patient Zero, No Problem.” #NorthKorea's 1st confirmed #coronavirus patient, Shot DEAD! For you",2.0
168,1,"2, 3",I had to go to a National Instatute of Health Coronavirus Briefing. Soooo Boring!! But they did show pictures!!,5.0
169,1,"3, 11, 2, 9",CNBC ADVICE NOW: Coronavirus is the flu. Wash your hands. Book a vacation. We’ll look back on this and laugh.,7.0
170,1,"8, 9, 15",brexit: I sure did a great job fuelling xenophobia and racism coronavirus: hold my beer brexit: no,8.0
171,1,"11, 2, 9", @ThePME We all know he has the ability to cure the Coronavirus with one keystroke. But will he use his powers for good????,8.0
172,1,16,Trump Donates Q4 Salary to Health &amp; Human Services to Help CoronaVirus Research,1.0
173,1,"10, 3","Trump is pushing a dangerous, false spin on coronavirus — and some in the media are helping him spread it. My column",4.0
174,1,"2, 11","IF THE #CORONAVIRUS DOESN'T LIVE FOREVER OUTSIDE ITS HOST, THEN WHY SPRAY IF IT'S GOING TO DIE OFF ANYWAY? Disinfection",4.0
175,1,3,The most troubling thing about Coronavirus is that we have an administration in DC that spins one lie after another,5.0
176,1,10,President Trump did NOT call Coronavirus a “Hoax” — He called the way Democrats mischaracterized his response and the U.S,3.0
177,1,"3, 10, 17",Democrats are spreading lies about coronavirus to hurt President Trump. “Trying to score cheap political points is not,1.0
178,1,"8, 9, 16","The Wuhan coronavirus has exposed America’s over-reliance on Chinese manufacturing, from vital medical supplies to electronics. Thanks  @HudsonInstitute  for giving me a chance to discuss this threat to our economy",8.0
179,1,11,"Lumberjack beards carry more germs than dog fur, according to Swiss researchers Enjoy coronavirus, hipsters",7.0
180,1,17,Maybe his entire campaign mission is to thin out the herd by infecting everyone with Coronavirus?,4.0
181,1,10,CREW is requesting CDC communications that might indicate the administration is interfering or attempting to interfere in the release of coronavirus information,5.0
182,1,"11, 4","Idk why this isn’t a stat you see more often with the Coronavirus news but of the 90,000 diagnosed with it since it began",3.0
183,1,4,Trump is putting millions of the most vulnerable people at risk because he wants to pretend the coronavirus is “contained”,6.0
184,1,8," @townhallcom @realDonaldTrump Oh my goodness, @ChrisCuomo, #coronavirus is a foreign virus. Can anyone just cal",3.0
185,1,"1, 2, 11",Incredible news!!! Getting a coronavirus vaccine into Phase 1 of testing has occurred the fastest “that anyone has ever,1.0
186,1,3,California's Democrat Governor Praises @realDonaldTrump's Response To Coronavirus On Cruise Ship: 'Every Single Thing He Said,7.0
187,1,"3, 10, 4",Oh wow: leaked emails suggest Norwegian Cruise Lines is using coronavirus misinformation to persuade customers not to cancel,9.0
188,1,3,The same people who for the last week blasted Trump for not taking coronavirus seriously will now blast him for overreaction,2.0
189,1,3,Childish Trump Won’t Meet With Pelosi On Coronavirus Because He Doesn’t Like Her,10.0
190,1,7,Harvard University is shutting down because of coronavirus. The ruling class goes-home to sit it out. #Corvid19,9.0
191,1,16,British company is offering to pay people $4600 to get infected with coronavirus. Any takers?,10.0
192,1,11,"It’s going to start getting warmer, which means mosquitos are gonna go around and suck the blood of people with Coronavirus",2.0
193,1,"7, 16",The #Coronavirus isn't just a global health emergency. It's a development emergency. It could cost the world economy at least US$,5.0
194,1,11,frank ocean after creating the coronavirus so he wouldn’t have to perform at coachella,5.0
195,1,11,"Middle East respiratory syndrome, also known as camel flu, is a viral respiratory infection caused by the MERS-coronavirus",3.0
196,1,"13, 15",If Pelosi Doesn’t Clean Her Dirty Homeless District She’ll be Responible For the Spread of Coronavirus!,5.0
197,1,"4, 10",By all accounts it looks as though the Government is holding back on on certain information re the coronavirus,7.0
198,1,9,"Have you noticed that @realdonaldtrump is worried that #CoronaVirus is gonna make him ""look bad"", but he's cool with ",6.0
199,1,"11, 16, 6","The PIRBRIGHT Institute Bill Gates Funded The PIRBRIGHT Institute, Which Owns A Patent On Coronavirus; The CDC Owns ",2.0
200,1,"15, 3, 1","If Communist China had not lied about the Coronavirus at the beginning, refused help from the US CDC, and arrested journalists",8.0
201,1,11,"Given copper's antiviral properties, is it time we bring back the penny? #coronavirus #CoronaVirusUpdate #CoronaVirusCanada #CoronavirusPandemic",9.0
202,1,"5, 13, 3", @globalnews Canada will end up the only fuckin country in the world with hundred of thousands of deaths because of this failed PM arse who so afraid to ban or offend anyone carrying the #covid19 virus.,6.0
203,1,"9, 5","Friends tell me I take #COVID19 too seriously, it doesn't kill people our age, ask why I'm social distancing, etc.",3.0
204,1,"3, 16","Could civilization have evolved from our humble beginnings as hunter-gatherers if we then had social media, corporate media, and financial markets that amplify and profit by spreading fear #fridaynightmusings #COVID19",1.0
205,1,15,"Genetically partisan columnist attempts to politicize a global #COVID19 pandemic for the benefit of his boss Doug Ford, gets ratioed into the stone age. #canpoli #cdnpoli #ontpoli #onpoli",10.0
206,1,"3, 4, 8, 9, 7","  @adamsmiller Ppl not paying attn are going to panic every time they see ""coronavirus"". A few days ago, my local hospital reported cases of ""coronavirus"". Not, of course the Wujan variety. And I saw a Quebecer tweet ""eek, we have 8 cases already."" Sometimes details matter.  2/2 #2019nCoV",8.0
207,1,"2, 7, 10", @RubinReport @prayingmedic @benshapiro There was a “health epidemic simulation” on the CORONAVIRUS in Oct 2019. Published online Nov 2019. 1st Cases in the news Dec 2019. From Project 21. More like Agenda 21. Watch video at 14:21. No coincidences! Guess who sponsored it?!!! #coronavirus,9.0
208,1,8,The Wuhan Coronavirus: Have the lessons learned from SARS helped? Join Faculty of Health Sciences experts for a panel discussion,4.0
209,1,8,RT @SuMoh7: The Wuhan Virus: How to Stay Safe Pls retweet. #Wuhan #WuhanVirus #WuhanCoronavirus #Coronavirus #PSA,2.0
210,1,"11, 3","In a world full of anti-vaxxers, there's isn't surprising: A Disturbing Number of People Think Coronavirus Is Related to Corona Beer",2.0
211,1,"8, 11","People could be infected with Wuhan coronavirus and not know, initial study finds",3.0
212,1,"13, 3",All this American media-sponsored hysteria over “”Coronavirus”” like these fucking anti-vaxxers aren’t in our backyard,9.0
213,1,11,"New Projection for #Coronavirus infected cases. Bottom line, it's slowing down. The number of infected cases in the last 3 days",8.0
214,1,"8, 13",People in China eating shit like this and people wondering where the #Coronavirus is coming from,10.0
215,1,"3, 11, 5, 9, 4","I’m seeing much #coronavirus hysteria here and elsewhere. Folks, are you aware that the #flu - yes, the FLU - kills upwards of",8.0
216,1,"8, 7, 11",The last coronavirus (MERS) started in the Middle East. The current one started in China. The next one could start on ,9.0
217,1,9,How do you staff this place? Who wants to work in the Coronavirus hospital? Now accepting applications..#medtwitter,9.0
218,1,"3, 11, 5","Coronavirus terrifies us, but another virus already has killed 6,000 in US, including 39 kids. It's called the flu, but no on",4.0
219,1,10,Fake news alert: RVH says ignore posts saying there is a case of coronavirus here,7.0
220,1,"3, 11","“We should rename influenza; call it XZ-47 virus, or something scarier” -- @DrPaulOffit. The coronavirus from Wuhan is ",5.0
221,1,"9, 10, 1",I know there’s potentially no correlation but isn’t it weird to everyone that the “mistakened” nuclear plant message was sent out and then boom! Coronavirus becomes an epidemic,8.0
222,1,3,Coronavirus inside air passenger excited about Doug Ford’s cuts to public health #onpoli #CoronavirusOutbreak,3.0
223,1,"2, 10",#CORONAVIRUS Leaked Videos From #Wuhan  #China is at MAXIMUM ALERT &amp; we have confirmed Collapse of the hospitals,6.0
224,1,, @CaslerNoel @realDonaldTrump Pretty sure that Trump thinks coronavirus has something to do with consuming too many beers,7.0
225,1,"5, 8, 15","Telegram Nazis are cheering on the coronavirus, thinking it'll spark their race war wet dream. 2020 is really coming",5.0
226,1,3,This is the guy who thought euthanasia could be used for folks afraid of climate change Now he praises coronavirus,8.0
227,1,"17, 5, 9, 3","Al Qaeda Leader Killed You really have to love this...in the midst of impeachment, fears of coronavirus and all the other thi",1.0
228,1,"10, 8",Canada’s Chief Medical Officer in the midst of #coronavirus taking time to falsely label Canadians as racists Did she,2.0
229,1,"2, 10, 7",This is great! Please watch this video on  #coronavirus REAL FACTS Thanks for sharing  @nursejcallahan  @drdagly @drlynnwilson @drjabra @DorisGrinspun,5.0
230,1,"8, 11",A man diagnosed with Wuhan coronavirus near Seattle is being treated largely by a robot,8.0
231,1,"3, 9","If you’re in America and scared about the Wuhan coronavirus, but you haven’t gotten a flu shot and don’t know if your",3.0
232,1,"9, 3, 4","I am certainly not wishing to undermine folks’ concerns about the coronavirus, but whenever I see such urgent media and government",7.0
233,1,"8, 4",Wanna see some more barbaric Chinese eating animals? Sickening #WuhanSARS #coronavirus #ChinaVirus,7.0
234,1,10,The @NatPostRadio Panel featuring @SueAnnLevy and @davidptarrant discussing #TransMountain #Coronavirus hoax and more with @anthonyfurey on #SiriusXM CH.167,1.0
235,1,15,"Most of of the news today is about the coronavirus and Democrats, I don't know which is worse. Both spread by Human contact",2.0
236,1,"10, 11",I knew this city was backwards when they started championing a man claiming he had “CoronaVirus” on a plane. Clout is a serious drug,9.0
237,1,11,Coronavirus Update. 1. There are 3 cases currently in Canada. 2. Mortality rate of 2.5% is grossly overestimated due to,5.0
238,1,11,"Report: Outbreak of idiocy spreading 10,000 times faster than coronavirus #coronovirus",4.0
239,1,11,Great Article about CoronaVirus &amp; Treatment. This is about Conditioning People for the Vaccine so they can inject 5G.  Awake,6.0
240,1,"11, 5","Every coronavirus headline should be required to have the addendum “, however, last year’s flu season killed 61k people",8.0
241,1,"10, 16","What do a Chinese billionaire, a US hedge fund owner, and Steve Bannon have in common? False coronavirus conspiracies",10.0
242,1,11,I think that would solve many problems: QAnon Conspiracy Theorists’ Magic Cure for Coronavirus Is Drinking Lethal Bleac,7.0
243,1,10,coronavirus is FAKE NEWS,10.0
244,1,10,Coronavirus by country. What would it look like if China wasn’t lying? #coronavirus #COVID19,1.0
245,1,"10, 11","Coronavirus, Bird Flu, &amp; SARS originated in China. Not fake news!",3.0
246,1,"15, 10",The Royal Canadian Navy thinks “seaman” is uninclusive and makes the navy an unsafe place to work. Iran’s lies about coronavirus and COVID-19 are putting Canadians at risk not to mention people around the world. This is The @AndrewLawton Show! #cdnpoli,6.0
247,1,"10, 9", @koshtorontosun Don't lie to us #coronaviruse,5.0
248,1,"10, 7, 2",ABC News is publishing FAKE NEWS. @realDonaldTrump DID NOT call Coronavirus a hoax.,4.0
249,1,"2, 16, 10",THE STOCK MARKET ISN'T REAL THE ECONOMY ISN'T REAL THE CORONAVIRUS ISN'T REAL FAKE NEWS REEEEEEEEEEEEEEEEE,2.0
250,1,"7, 10, 9, 1",Jane Brown - Zoomer Radio AM740 Tweets fake news then blocks you when you call her on it . She refuses to accept or correct. Called her out on her #coronavirus in ottawa fake news. No presumptive case. Blocked,3.0
251,1,"10, 8", @blogTO Mayor @JohnTory is also spreading misinformation that everyone in #Toronto is racist. #coronavirus,9.0
252,1,"10, 16, 6, 5","Coronavirus: Russia pushing fake news about US using outbreak to ‘wage economic war’ on China, officials say",10.0
253,1,"7, 3, 16, 17","So  much fear spreading - the stock market - Covid-19 - elections - abuse. No one deserves to life in fear. CHOOSE: Face Everything And Rise, or False Evidence Appearing Real. Coaching can help you choose the first.",6.0
254,1,"10, 8, 9, 4",On a real ting tho 99% of what y’all seeing about CoronaVirus is fake news. Just found out that bat soup video was a troll ,8.0
255,1,16,"So, how much money has Facebook made on misinformation about the #coronavirus - a relevant question to answer  @robaeprice",3.0
256,1,"2, 3, 10","ARROGANT, BOASTFUL and LYING Kellyanne shredded on Morning Joe for her #CORONAVIRUS LIES... “It’s being contained” ",8.0
257,1,"3, 15, 6, 12","(1/2) USSR lied about Chernobyl. Japan lied about Fukushima. China has lied about Coronavirus. Countries lie. Ego, global",4.0
258,1,10,"RT @aTeXan575: China lies about CoronaVirus. Watch, listen and learn.",7.0
259,1,10,"New rules! Everyone spreading the false disinformation that Donald Trump called the coronavirus a ""hoax"" is violating",9.0
260,1,"16, 10"," @JohnJHarwood Trump lies about COVID-19, the market goes down. Democrats vote with some clarity, market goes up. There's a weird causal relationship here. If only we could figure out what the dangerous factor causing uncertainty was.",8.0
261,1,"2, 16, 10, 3, 9",WORLDWIDE FALSE FLAG OPERATION Do globalist powers want us so fearful that we’ll take any vaccine against coronavirus,4.0
262,1,"2, 16, 10, 3, 9, 7","Quizzing B.C. on coronavirus “facts “?!https://t.co/QFG2GVjJWi Was a fan of @CBCNews. Betraying your role as Fourth Estate, you’re helping the governments to undermine Canada’s pandemic preparedness. Stop sharing WHO lies. Check your facts!!",6.0
263,1,"2, 5, 10","WORLD STOP THE LIES ABOUT HOW MANY PEOPLE HAVE AND ARE DYING FROM THIS CORONAVIRUS, CAUSE IF THIS IS A MASS EPIDEMIC TOO KILL OFF INDIVIDUALS,  AN NIT GOING TO BE ONE OF THEM, OR MY FAMILY",10.0
264,1,"10, 7, 9, 4", @terrycoffey2555 @thislilyspad @RepKimSchrier @PalmerReport It really does feel too little too late on fighting #COVID19 My poll shows that many don’t trust the lies and disinformation from their government. You can take the poll too. Then please RT. https://t.co/NA79yHyezR,2.0
265,1,"10, 4",“China’s response was unprecedented! I feel the U.S. government is withholding important information from us about the true story behind #COVID19 “ - Survey Respondent At today 30.8% of respondents believe their country is lying.,4.0
266,1,"2, 10, 7, 9, 13, 16","Coronavirus is NORMAL, CDC Lies, Says Former CIA Spy | Robert David Steele https://t.co/14xwP6jfoA Knew it. Create the problem so you can sell the solution. Case in point: do NOT take the fucking vaccine. #coronarvirus",6.0
267,1,"13, 15, 10, 3",#KAG #MAGA turdball Bannon sowing dissension in Democratic ranks by casting a fictitious net of lies. Steve Bannon says even Michelle Obama would lose in 2020 because coronavirus is Trump’s Churchill moment,8.0
268,1,"10, 15, 5, 7"," @yarbatman Esfandyar has splendily outpaced Trita to become the Islamic Republic's Minister of Propaganda (in the West). Bunch of garbage. No mentions of arrests of people calling out the regime for lying about #coronavirus, no mention of videos of mass graves being dug etc.C291",4.0
269,1,"3, 10",#Canada #CONservatives hate to admit our government is on of #COVID19 preparedness  They're posting lies re #PMJT out of spite; what else is ?! RT info Prime Minister @JustinTrudeau tweeted +RTed go to his page; it'll help #CDNpoli #canpoli #polcan Tweeps,9.0
270,1,"7, 16, 3, 10","#Covid19 is a pandemic. 60M ordered in self quarantine in Italy. People 20-40s yrs old with normal lifespans of 80yrs dropping like flies being sick. Media lying. They trying to calm us. Worst Airlines, cruise ships, businesses on verge of bankruptcy. 1/.",10.0
271,1,"10, 16",Just a reminder that financial advice from a lying idiot is bad for your 409K. Trump tweets and inaction crash markets. President Donald Trump: You’re doing it wrong if your ‘409K’ is up only 50%. #TrumpCrash #TrumpVirus #coronavirus,3.0
272,1,"6, 10, 15, 4","What is it with #KAG #MAGA RWNJs and the conspiracy theory well for which they instantly make a bee line GOP senator Tom Cotton suggests coronavirus could’ve come from Wuhan super lab,not seafood market: China’s still lying today",1.0
273,1,"10, 15",#KAG #MAGA idiots will be breaking out the incense sticks &amp; plague masks purty soon! Public health experts warn Trump’s history of lying about crises is a ❝real problem❞ as he downplays coronavirus and contradicts the CDC,10.0
274,1,"3, 10, 17, 7 "," @GPowers03878337 @LincolnsBible @TeaPainUSA @Teri_Kanefield He’ll pull whatever he can to ensure he wins again. Many Americans have answered my poll, and don’t believe the lies being told about #COVID19 . People aren’t stupid.  You can take my poll too. Then please RT.C297",2.0
275,1,"5, 9, 8, 11",Wuhan Coronavirus is an engineered offensive bioweapon. You're not being told this by the Mockingbird media here ,1.0
276,1,"11, 9","You know those tiny pools of water next to the rails at TTC stations. Take a sip of that, and you’ll be immune to the Coronavirus. Issa a 6ixside antidote",10.0
277,1,"10, 11",Please check out the latest #PropagandaWars episode. The Wahu #Coronavirus could potentially be a manufacturered,5.0
278,1,"8, 9", @Drizz061 Have you even tried bat soup? Coronavirus is totally worth it.,3.0
279,1,11,Chinese scientists says COVID-19/coronavirus could have originated from a Gov Lab,9.0
280,0,,"Coronavirus is spreading wild wide and cities are being locked down, air travel shutdown, airports monitoring for the virus",4.0
281,0,,"This morning, Sunnybrook discharged home the patient who was hospitalized last week with novel coronavirus",1.0
282,0,,"This afternoon, @WHO declared #coronavirus a public health emergency of international concern.",8.0
283,0,,"Chinese health authorities announced Sunday that 1,975 confirmed cases of pneumonia caused by the novel coronavirus (2019-nCoVid)",7.0
284,0,,Local communities band together to show their support to #Chinese businesses effected by #coronavirus misinformation and fear mongering.,5.0
285,0,,Special thanks to @Healthmac and his staff for working so diligently on #coronavirus threat.  Glad they're standing in the breach. #LdnOnt #security,7.0
286,0,,"The latest from Wuhan. Medical workers test residents of a quarantine zone in Wuhan, the epicentre of the #coronavirus outbreak ",3.0
287,0,,Stock markets sell off again as global economy infected by coronavirus fear,4.0
288,0,,"Coronavirus updates: Stockpile food and meds in case of infection, Canada's health minister says, via @NationalPost",8.0
289,0,,The Prime Minister just said all public schools in Japan are to be temporarily closed until April in fear of coronavirus,2.0
290,0,,Dow set to drop more than 600 points at the open as coronavirus cases outside China surge,5.0
291,0,,"NEW: Italy reports 5th death from coronavirus, an 88-year-old man",2.0
292,0,,"NEW: Sweden reports 5 new cases of coronavirus, raising country's total to 7",8.0
293,0,,"In addition to deaths and health effects, I’m wondering how many people would be financially ruined by a #coronavirus epidemic",6.0
294,0,,"California monitoring 8,400 people for coronavirus, awaiting test kits",7.0
295,0,,"Ontario has confirmed three new positive cases of the coronavirus in the GTA, bringing the total number of cases to",9.0
296,0,,Ontario's 7th case of coronavirus reported in man who traveled to Iran #onpoli,1.0
297,0,,"5th coronavirus case in Ontario, a woman who was recently in Iran",6.0
298,0,,"New case of #Coronavirus in Toronto - woman in her 40s, who returned from Colorado on March 2.",6.0
299,0,,#BREAKING B.C. health officials confirm 8th case of coronavirus in the province It’s a woman who was recently in Iran,4.0
300,0,,There's clear evidence of how Trump has mishandled the #coronavirus response. CDC cuts. Eliminating the NSC global pandemic,9.0
301,0,,From a man to his family. Then to a neighbor. Then to friends. How coronavirus spread in New York in 48 hours.,1.0
302,0,,Six coronavirus deaths in Washington state King County declares emergency #PublicHealth,4.0
303,0,,BREAKING from @washingtonpost: First U.S coronavirus case of unknown origin confirmed in Northern California,9.0
304,0,,Hannity said this at exactly the same moment officials announced the first coronavirus death in Washington State. ,2.0
305,0,,"Opinion: As the coronavirus spreads, I’m glad we have universal health care in Canada",3.0
306,0,,A man in Washington state is the first to die from the coronavirus in the U.S. as new cases emerge in Canada. @MollyThomasTV,7.0
307,0,,Don't fall victim to misinformation and even worst fake news. Get the facts about the #Coronavirus from @TOPublicHealth.,6.0
308,0,,"A new #coronavirus has killed 25 people in #China and infected more than 800, the government said on Friday",10.0
309,0,,United Airlines suspends some flights between U.S. and China as coronavirus spreads @David_Culver reports,9.0
310,0,,"A Japanese man in his 60s suspected of contracting coronavirus has died of pneumonia in a Wuhan hospital, according to the Japanese",2.0
311,0,,"A report that suggested Wuhan coronavirus could spread before the onset of symptoms was flawed, according to public health experts",4.0
312,0,,"Human coronaviruses, such as SARS and MERS, have been found to persist on inanimate surfaces -- including metal, glass or plastic",4.0
313,0,,New coronavirus cases in California and Oregon are second and third of unknown origin in US - CNN,10.0
314,0,,South Korea reported its largest number of new coronavirus infections yet on Thursday,7.0
315,0,,"Face masks ""are NOT effective in preventing general public from catching #Coronavirus, but if healthcare providers can't get them",10.0
316,0,,"8% of Iran's parliament has tested positive for coronavirus, the Deputy Parliament Speaker says",3.0
317,0,,Trump hammered by CNN hosts for golfing and posing for pics as government reels from coronavirus pandemic,7.0
318,0,,Tito's is telling customers not to use their vodka to make DIY hand sanitizer for countering the spread of coronavirus,4.0
319,0,,"Ireland is taking nationwide measures to combat the spread of coronavirus: Schools, colleges &amp; childcare facilities closed",5.0
320,0,,The World Health Organization officially declares the coronavirus outbreak a pandemic,5.0
321,0,,I am declaring a State of Emergency for New York amid an outbreak of #Coronavirus. We will continue to provide updates,3.0
322,0,,Cuomo declares state of emergency in New York as state coronavirus cases soar to 76,2.0
323,0,,"Coronavirus cases in New York state doubled overnight, as Gov. Cuomo confirms 11 new infections",6.0
324,0,,The New York Times: Coronavirus in N.Y.: Cuomo Attacks C.D.C. Over Delays in Testing.,3.0
325,0,,"Port Authority of New York and New Jersey chief tests positive for coronavirus, Gov. Cuomo says",2.0
326,0,,"5 Rings Podcast Road To Tokyo March 10th, 2020 COVID-19 and the Possibility of an Olympic Cancellation @24thminute @KevLaramee #coronavirus #COVID19 #Tokyo2020 #IOC #OlympicPodcast",9.0
327,0,,IOC Executive Board statement on the coronavirus (COVID-19) and the Olympic Games #Tokyo2020 ,8.0
328,0,,Coronavirus: Tokyo Olympics torch ceremony downsized over COVID-19 fears,2.0
329,0,,"UPDATED: Canada to spend $1 billion combating COVID-19 spread, economic impacts ",5.0
330,0,,The @Tokyo2020 Olympics may be at risk due to COVID-19,10.0
331,0,,BREAKING: Possibility Tokyo Olympics postponed to prevent spread of COVID-19,4.0
332,0,,Cancelling the Olympics will have major economic consequences but carrying them on during an outbreak? That's apocalyptic. #coronavirus #COVID19,1.0
333,0,,Metrolinx installing hand sanitizers on GO Transit buses and inside stations to stop spread of coronavirus #COVID19,5.0
334,0,,Exclusive by @Reuters:  Millions of masks stockpiled in Canada's Ontario expired before coronavirus hit.  #covid19Canada #COVID19,3.0
335,0,,Saskatchewan reports first presumptive positive case of #COVID19 coronavirus. Live coverage by @CBCSask via @gqinsk,5.0
336,0,,"B.C. identifies 8 new COVID-19 infections, including a 'community case'",5.0
337,0,,Canada confirms first 'community case' of COVID-19: Here's what that means,9.0
338,0,,Ontario reports four new cases of COVID-19,6.0
339,0,,Trudeau to announce funding to deal with increasing number of COVID-19 cases. #cdnpoli,10.0
340,0,,"Your best source of information during COVID-19, please read and RT",6.0
341,0,,Husband of Ontario's fifth COVID-19 patient also tests positive for virus,1.0
342,0,,"3 new cases of COVID-19 in Ontario, province total now at 18",7.0
343,0,,WATCH LIVE: Officials address COVID-19 at Queen's Park press conference ,10.0
344,0,,"Microsoft, Sony, EA and others drop out of GDC over coronavirus concerns",9.0
345,0,,"Apple restricts employee travel to Italy, Korea over coronavirus",10.0
346,0,,New FR Talks: What the Coronavirus means for Canadian employers #emplaw #HR #HRlaw #HRblog,1.0
347,0,,CENTERS FOR DISEASE CONTROL: Please refrain from touching your face. It will help stop the spread of the coronavirus.,7.0
348,0,,WHO chief: Impossible to predict which directions coronavirus outbreak will take. Reiterates concern about risk to countries with weaker health systems. #MSC2020,3.0
349,0,,This doctor makes interesting medical related videos and has done some good updates about the Coronavirus. Here's the latest,7.0
350,0,,Start Mandatory Quarantine Now. Before it’s too late. Retweet if you agree. #Coronavirus #Canada #Canpoli #Cdnpoli @potus @realDonaldTrump @680NEWSweather @CTVToronto,9.0
351,0,,W.H.O. declares the coronavirus outbreak a global health emergency 43 more deaths in China were announced early Friday,8.0
352,0,,Coronavirus Live Updates: W.H.O. Declares Pandemic as Number of Infected Countries Grows - The New York Times,2.0
353,0,,"UN agency declares global emergency over coronavirus from China, after 7,800 cases including 170 deaths there",6.0
354,0,,B.C. declares coronavirus outbreak at long-term care home as six new cases emerge in province /via @globeandmail,6.0
355,0,,"U.S. death toll from coronavirus hits 19, New York declares emergency",6.0
356,0,,Trudeau says no timeline for China airlift yet as WHO declares coronavirus a global emergency,6.0
357,0,,"Hong Kong leader declares citywide virus emergency over coronavirus, cancels all official visits to mainland China @CNBC",2.0
358,0,,"On Wednesday, officials confirmed the province’s 42nd case of the new coronavirus involving a woman in her 40s who recently travelled to the U.S. ",8.0
359,0,,"Princess Cruises says a Canadian is among an additional 66 confirmed cases of the novel coronavirus aboard the Diamond Princess cruise ship docked in the Japanese port city of Yokohama, just outside Tokyo.",9.0
360,0,,"To prevent the spread of the novel coronavirus, the federal government has provided nearly $27 million in funding to dozens of Canadian teams to develop tools and resources to fight the deadly disease",3.0
361,0,,"American friends: COVID-19 Tests Don't Cost Over $3,000",7.0
362,0,,McMaster student tests NEGATIVE for COVID-19,4.0
363,0,,Coronavirus: WHO classifies COVID-19 as a pandemic #Coronavirus,6.0
364,0,,How people are using #AI to detect and fight the #coronavirus https://t.co/YJj6kaxZZl via @VentureBeat #COVID19 #covid-19 #cloud,6.0
365,0,,First case of COVID-19 confirmed in Ottawa. #COVID19 #ottnews,6.0
366,0,,Very interest comparative data comparing Covid-19 to other infectious diseases. Source: World Health Organization ,10.0
367,0,,"Porter Airlines says. It was already following WHO standards when it comes to aircraft cleaning and sanitization. In response to COVID-19, they are doing more to keep you safe.",5.0
368,0,,BREAKING: Ontario schools closing due to coronavirus COVID-19 ,1.0
369,0,,Coronavirus update: First case of COVID-19 confirmed in Sudbury,5.0
370,0,,Google DeepMind’s effort on COVID-19 coronavirus rests on the shoulders of giants,7.0
371,0,,Four more positive cases of COVID-19 have been confirmed in the province--bringing the total number of confirmed #coronavirus patients in #Ontario to 32. #covid19,1.0
372,0,,How to stop the spread of racism during the COVID-19 coronavirus outbreak,10.0
373,0,,St. Anthony School News: Update on the Novel Coronavirus (COVID-19),3.0
374,0,,Just In: Michigan reports its first two cases of COVID-19. The announcement just comes after polls closed in 2020 US Presidential Primaries in Michigan. #COVID19 #coronavirus,6.0
375,0,,Short term financial relief overseas during Covid-19 pandemic #COVID19 #CoronavirusPandemic #CoronaVirusCanada ,3.0
376,0,,Coronavirus: Physician tested positive for COVID-19 says Hamilton public health,2.0
377,0,,Coronavirus: Toronto March break camps prepare for COVID-19 - Global News,5.0
378,0,,Follow live news coverage from Italy on the COVID-19 epidemic. #COVID19Italia #coronavirus,8.0
379,0,,Interesting! Why doesn’t coronavirus make kids sick with covid-19? - The Washington Post,9.0
380,0,,Practice social distancing. #coronavirus #COVID19 #cdnpoli,5.0
381,0,,"Three new cases of #COVID-19 #Coronavirus #Toronto in GTA, bringing Ontario total to 18",5.0
382,0,,Coronavirus: NBA suspends season after Utah Jazz player tests positive for COVID-19,2.0
383,0,,London Book Fair Canceled Citing concerns about the potential spread of the COVID-19 coronavirus,3.0
384,0,,Coronavirus in Spain: Latest travel advice as Barcelona Covid-19 case follows Tenerife hotel,1.0
385,0,,Covid-19: Our chance to contain the coronavirus may already be over New Scientist #SmartNews ,10.0
386,0,,Coronavirus: Arsenal head coach Mikel Arteta tests positive for COVID-19,3.0
387,0,,Here’s how you combat coronavirus #coronavirus #COVID19,10.0
388,0,,Today’s response planning session focussed on preparing for COVID-19 community spread.,4.0
389,0,,#MitsubishiElectric to Support #Coronavirus (COVID-19) Relief Efforts in China #ChangesfortheBetter #Mitsubishi,9.0
390,0,,This event has been reported to April 2021 due to the travel difficulties occasioned by Coronavirus (COVID-19),7.0
391,0,,"How to Travel and Commute Amid the Novel Coronavirus (COVID-19) Outbreak, According to Experts",9.0
392,0,,"Coronavirus: B.C. confirms 7 new COVID-19 cases, 2 of them health-care workers.",8.0
393,0,,"Coronavirus updates: Ontario announces 17 more cases of COVID-19, as Justin Trudeau self-isolates",4.0
394,0,,"According to health officials, this is what you will need for a #coronavirus home quarantine for 14 days #COVID-19",4.0
395,0,,Coronavirus: how does it spread and what are the symptoms? Here’s everything we know about COVID-19,2.0
396,0,,#BREAKING: Health officials in Ontario have confirmed new case of the novel coronavirus (COVID-19) in Toronto. ,1.0
397,0,,"According to health officials, this is what you will need for a #coronavirus home quarantine for 14 days #COVID-19",8.0
398,0,,Is there a Regional plan in place should the coronavirus disease (COVID-19) reach pandemic proportions?,2.0
399,0,,COVID-19: New coronavirus given name by World Health Organization,7.0
400,0,,COVID-19 can cause acute myocardial injury and chronic damage to the cardiovascular system!!! Check this Nature review paper!,4.0
401,0,,Informative piece from the Record. Please take a moment to read because education is a key way to battle COVID-19. #COVID19 #virus,9.0
402,0,,Ontario has just confirmed a new case of the novel coronavirus (COVID-19) in a man in his 80s who had recently traveled to Egypt.,7.0
403,0,,Our public health officials have been working non-stop to make sure we are ready for an increase in COVID-19 cases. #coronavirus,7.0
404,0,,"Next stop, COVID-19? Transit workers seek protection after passenger tests positive for novel coronavirus",2.0
405,0,,Feeling anxious about the #coronavirus #COVID–19? Experts offer tips to quell pandemic panic,8.0
406,0,,The seventh case of the novel coronavirus (COVID-19) in Ontario has been confirmed in Toronto. #toronto,8.0
407,0,,It's understandable to feel anxious about the spread of #COVID19 but the trick is not to stew in fear. Here's a great read on how to cope with COVID-19 anxiety. #MentalHealth,3.0
408,0,,"The best way to protect yourself from any virus, including COVID-19 (coronavirus) is to wash your hands, cough in your sleeve",3.0
409,0,,Mortality rate of #coronavirus is 3.4% worldwide Here’s everything we know about COVID-19,9.0
410,0,,"Japan confirms 57 new cases of COVID-19 on the Diamond Princess cruise ship, bringing the total to 691 cases. #coronavirus",1.0
411,0,,The travelers were allowed to leave the Cornwall facility Friday morning after none of them showed symptoms of COVID-19.  #ottnews #coronavirus,4.0
412,0,,An Ontario man who travelled to Toronto last week to attend a conference has tested positive for COVID-19.,3.0
413,0,,"Google expands work from home recommendation to all North American employees, establishes ‘COVID-19 fund’ ",10.0
414,0,,"CANADA: Trudeau promises $1B for COVID-19 research, support workers forced to isolate",7.0
415,0,,CANADA: Top doc warns against travelling on cruise ships over COVID-19,7.0
416,0,,COMING UP: PRIME MINISTER JUSTIN TRUDEAU DISCUSSES COVID-19 ECONOMIC PLAN,7.0
417,0,,Canadians on coronavirus-hit cruise ship await repatriation as Americans land home. 32 Canadians infected. ,8.0
418,0,,"How You Need To #Prepare for the #Coronavirus #ItIsAlreadyHere  #ItsHere If your child or anyone else in your household is coughing or has a fever, do I need to keep them home too? #ABSOLUTLEY",8.0
419,0,,UPDATE: Federal Government Commits $1 Billion To Combat Spread of #Coronavirus,10.0
420,0,,"KKR says employee tests positive for coronavirus, shuts London offices",3.0
421,0,,#Moronavirus  Coronavirus: A problem unlike anything else Trump has faced,2.0
422,0,,BBC News - Coronavirus: Italy to suspend mortgage payments amid outbreak,6.0
423,0,,Payments on mortgages are to be suspended in Italy due to the coronavirus outbreak,7.0
424,0,,Toronto secures motel space to isolate homeless people with coronavirus,5.0
425,0,,Sudbury man diagnosed with coronavirus after attending Toronto conference,5.0
426,0,,Toronto Councillor Josh Matlow in isolation after coronavirus exposure,4.0
427,0,,Donovan Mitchel was the only jazz player/personal to test positive for coronavirus.,10.0
428,0,,Mississauga and Brampton transit systems step up cleaning in response to coronavirus,7.0
429,0,,Coronavirus: Ten reasons why you ought not to panic,6.0
430,0,,Timely tips on preventing a #coronavirus infection by our own Dr. Maheshwari. h,10.0
431,0,,Mobile World Congress in Barcelona called off over coronavirus fears,3.0
432,0,,Nvidia forecast tops expectations on cloud sales despite coronavirus hit,7.0
433,0,,European shares scale record even as coronavirus shows no signs of peaking,6.0
434,0,,Nasdaq opens at intraday record as China aims to stem coronavirus impact,5.0
435,0,,Wall Street drops more than 1% as coronavirus fears grow,10.0
436,0,,Coronavirus: School in Republic of Ireland closed for 14 days,3.0
437,0,,Facebook cancels F8 developers conference over coronavirus,7.0
438,0,,FDA Monitoring 20 Drugs at Risk of Shortage due to Coronavirus,6.0
439,0,,US Congress approves $8.3 billion in emergency funding for coronavirus response,6.0
440,0,,"United Airlines slashes flying, freezes hiring on coronavirus-hit demand",5.0
441,0,,"Coronavirus Scare Spikes Online Orders, Amazon Sparks Delivery War",7.0
442,0,,"New presumptive case of novel coronavirus in Toronto, health officials say ",1.0
443,0,,Need to Change Your Travel Plans Due to Coronavirus? These Are Your Options,8.0
444,0,,State of emergency declared in New York as number of coronavirus patients climbs ,3.0
445,0,,Social distancing could buy U.S. valuable time against coronavirus ,9.0
446,0,,"Social distancing will give health care systems the time treat #COVID19 cases, increase capacity &amp; prevent emergency systems",4.0
447,0,,The time is now before #Covid19 is rampant @picardonhealth Shut it down: It’s time for Canada to get serious about social distancing - The Globe and Mail,6.0
448,0,,"There are times I have skewered @JustinTrudeau here on Twitter, but I’m so grateful for his actions with the #COVID19 crisis.  Thank you Justin Trudeau!",5.0
449,0,,Canadian health chief: 'I don't think there's any reason for us to panic' over coronavirus,6.0
450,0,,27 people in Ontario now being tested for coronavirus but no evidence of person-to-person transmission here,7.0
451,0,,Toronto Public Health sets up coronavirus hotline amid outbreak,2.0
452,0,,The University of Toronto has updated its webpage on the coronavirus in light of one local case in Toronto.,8.0
453,0,,"Human-to-human transmission of new coronavirus confirmed, Chinese official says",1.0
454,0,,CANADA: How Canadian researchers are using data to track the spread of the coronavirus,10.0
455,0,,France confirms first 2 coronavirus cases as China builds new hospital to deal with outbreak,9.0
456,0,,"In order to prevent the spread of the coronavirus, China has put the equivalent of Canada’s entire population on lockdown.",6.0
457,0,,"Coronavirus Live Updates: Deaths Surpass 200, and State Department Urges Against Travel to China",7.0
458,0,,Fear and misinformation can lead to anxiety.  Get the facts about #coronavirus. Don't be afraid to #BellLetsTalk,10.0
459,0,,"China is building two new hospitals in Wuhan at the centre of the coronavirus outbreak, state media reports",10.0
460,0,,Is the coronavirus a threat to the Canadian economy? We chat with Ian Lee of @Carleton_U Sprott School of Business.,1.0
461,0,,New study an eye-opener on how coronavirus is spreading and how little we know #SmartNews ,9.0
462,0,,WORLD: Air Canada cancels select flights to China as coronavirus spreads,3.0
463,0,,Coronavirus scare has scared customers out of usually busy Richmond restaurants - Vancouver Is Awesome,8.0
464,0,,"BBC Sport - Coronavirus: F1 will look to reschedule Chinese Grand Prix, says Ross Brawn",8.0
465,0,,Air China Cancels All Flights to Greece Amid Coronavirus Outbreak,4.0
466,0,,Ontario clears all but eight people for possible coronavirus infection - CP24 Toronto's Breaking News,10.0
467,0,,"While there are similarities between SARS and the new coronavirus, experts say the global conditions in which they are spreading are vastly different.",1.0
468,0,,The #coronavirus reaches the #US Here's how to protect yourself from the new illness #HealthTips #CoronavirusOutbreak- via CNN,3.0
469,0,,BREAKING: Two government sources tell @cdnpressnews Ontario is set to announce a new confirmed case of the novel coronavirus.,6.0
470,0,,"Really important thoughts for a doc who never experienced the SARS crisis, from one who has. #coronavirus",6.0
471,0,,#coronavirus has been declared  a global health emergency. The concern is that it could spread to countries with weaker health systems.,7.0
472,0,,Coronavirus: State media reports death of Wuhan hospital director as global death toll rises to almost 1900 ,6.0
473,0,,Deaths from coronavirus climb to over 800 as WHO-led team prepares to leave for China,8.0
474,0,,"Don't make coronavirus jokes to people you don't know, like insurance people, who are asking health-related questions #helpfulhint",10.0
475,0,,"Amazon removes 1 million products for misleading claims, price gouging amid coronavirus outbreak",10.0
476,0,,Let's be mindful of our conversations in the midst of #coronavirus and call out misinformation when we see it. This is not the time for hysteria. ,9.0
477,0,,A man in his 50s who traveled to Iran is Ontario's seventh confirmed coronavirus case,7.0
478,0,,"Yeah, you’re not gonna get Coronavirus by drinking the beer.... you’ll get it by not washing your god damn hands!!!",9.0
479,0,,"2020 Olympics Could Be 'Canceled' Over Coronavirus Outbreak, Official Says via @TMZ",1.0
480,0,,"Preparing for coronavirus in the US: Why the US needs better testing, and fast. Story from @B_resnick  and #RSJalum @juliaoftoronto via @voxdot_com - Vox",8.0
481,0,,Stop saying the coronavirus is just another flu - governments could have prevented some of these deaths if they acted faster! #COVIDー19,3.0
482,0,,Coronavirus updates: Ontario schools to be shut down; TSX down 12 per cent; baby among 17 new cases in province,2.0
483,0,," @janephilpott it might be a good idea for #Ontario communities to look into abandoned schools, hospitals and office space. In case we need to isolate people in special #COVID19 treatment centers. Faster than building new, like #China did. Pass it on please.",9.0
484,0,,The Bioinformatics Community Conference (#BCC2020) has decided to postpone registration for the conference for a few weeks while we figure out what's best for our community. Full news post here,10.0
485,0,,"The number of cases of #COVID19 steadily increasing in Lebanon, which announced its second death from the virus March 11. Officials are concerned that Lebanon is not equipped to face a mass outbreak.",4.0
486,0,,"How does the new #coronavirus compare to SARS, MERS, Ebola and other diseases? #YorkU global health expert @Shoffmania explains https://t.co/8Rj4XcpWQ2  via @globalnews",5.0
487,0,,The first U.S. evacuee from Wuhan to test positive for Coronavirus was returned to quarantine after the test didn’t initially confirm the infection,1.0
488,0,,"Here in Vancouver, there is a lot of misinformation and anxiety around the COVID-19 outbreak (aka, the novel coronavirus). For some reliable answers to commonly asked questions about COVID-19, check out this excellent summary by @PBoreskie!",2.0
489,0,,Don't fall victim to misinformation and even worst fake news. Get the facts about the #Coronavirus from @TOPublicHealth.,2.0
490,0,,Covid-19 outbreak: how misinformation could fuel global panic via @PharmaTechFocus,7.0
491,0,,BEYOND LOCAL: Zuckerberg pledges to stop COVID-19 misinformation on Facebook,10.0
492,0,,British Columbia health officials try to dispel COVID-19 misinformation among Chinese-Canadian community,7.0
493,0,,Coronavirus misinformation is spreading all over social media,4.0
494,0,,Five arrested in Malaysia for spreading fake news about coronavirus,3.0
495,0,,Facebook Sets Out Coronavirus Misinformation Battle Plan,2.0
496,0,,Ignorance is contagious. The dangers of being misinformed. #coronavirus  #Covid_19,4.0
497,0,,Coronavirus live updates: Recent Toronto COVID-19 patient used public transit for several days before being tested | The Kingston Whig-Standard,3.0
498,0,,BREAKING: #Ontario schools ordered closed after March Break. #cdnhealth #coronavirus #covid19,6.0
499,0,,How to tell if a cold is COVID-19,2.0
500,0,,THIS JUST IN: Halton has its first #coronavirus case and it's a doctor. #COVID19,7.0
501,0,,Breaking: Alberta has its first presumptive case of coronavirus. #covid19,8.0
502,0,,The 2020 JUNO Awards have been canceled due to COVID-19,8.0
503,0,,Kuwait reports first COVID-19 cases,4.0
504,0,,"So far, 17 of Ontario’s confirmed Coronavirus cases have been in the GTA. The other Ontario case was in London. #COVID19 #Coronavirus",10.0
505,0,,What know about the novel #coronavirus #COVID19 . From @WHO via #AFP,9.0
506,0,,Ontario Medical Officer of Health live now with update on #COVID19 https://t.co/siLIaNB4h8…. #coronavirus #PublicHealth,1.0
507,0,,"With the panic and fearmongering to do with #Coronavirus #Covid-19 here are 3 simple, top tips to boost your immune system and #health to help protect yourself from getting it",8.0
508,0,,What the coronavirus means for the #economy #COVID19 #Health #coronaVirus #China #Wuhan #Globalhealth #CoronaVirusOutbreak #Epidemic #PublicHealth #Pandemic #Canada,10.0
509,0,,BC announces more cases of COVID-19. #Coronviru,4.0
510,0,,Microsoft is encouraging employees who can perform their tasks from home to work remotely until 25 March as the threat of contagion from the novel coronavirus Covid-19 continues.,10.0
511,0,,"Your travel-related COVID-19 questions, answered",6.0
512,0,,Coronavirus in the U.S.: First Death Reported in Washington State - The New York Times  #COVID19 #WashingtonState #Health #Emergency #Coronavirus #wapoli #uspoli #snrtg,6.0
513,0,,Since 9pm: Trump banned travel from Europe Tom Hanks has #covid19 NBA season cancelled #coronavirus,9.0
514,0,,First Covid-19 case in Canada now cleared of the virus,3.0
515,0,,"South Korea confirms one new case of COVID-19, a patient with no overseas travel history. At least 577 people remain under quarantine over fears of possible COVID-19 infection.",7.0
516,0,, @SRuhle The Trump Administration strategy on COVID-19,8.0
517,0,,Trump Bans Travel From Europe—but Covid-19 Is Already Here,1.0
518,0,,New numbers out of China show that for a second straight day there has been a drop in new cases of Coronavirus now known as COVID-19.  The World Health organization says the outbreak could still go in any direction.,1.0
519,0,,17 currently under investigation as of 10:30 am Feb 19th for #coronavirus in Ontario. #Covid_19 #covid19,5.0
520,0,,"Here's how Canadians can be prepared for ""all possible"" #coronavirus scenarios",9.0
521,0,,"Please make sure you continue to follow @CKPublicHealth for the most up to date, and accurate information regarding the #coronavirus #covid19 in #ckont",4.0
522,0,,Tom Hanks and his wife have just be confirmed care of CoVid 19.,3.0
523,0,,"Facebook, Amazon, Google and more met with WHO to figure out how to stop coronavirus misinformation",5.0
524,0,,What researchers have learned about the spread and severity of the coronavirus,2.0
525,0,,"The World Health Organization (WHO) declared COVID-19 a pandemic, pointing to the over 118,000 cases of the coronavirus illness",8.0
526,0,,"A Toronto Public Health update on novel coronavirus (COVID-19), including recommendations if you have travelled to Hubei Province or mainland China.",6.0
527,0,,'There’s a lot of fear and there’s a lot of stigma': 6 takeaways from #Mississauga town hall about #coronavirus #COVID-19,1.0
528,0,,"Top story: Elad Blog: Coronavirus (COVID-19) PSA for Startups https://t.co/ArOEa0YQV1, see more",9.0
529,0,,"At least 71 countries imposed travel restrictions to South Korea, as the cases of COVID-19 continue to rise.",3.0
530,0,,"For the latest updates on coronavirus COVID-19, please visit Public Health's website at",4.0
531,0,,Coronavirus COVID-19 Global Cases by the Center for Systems Science and Engineering (CSSE) at Johns Hopkins University (JHU),1.0
532,0,,Science Teachers’ Association of Ontario (STAO) @staoapso has canceled their March 26 &amp; 27 Conference due to ongoing labour disruptions in Ontario and the rising concern over the Coronavirus (COVID-19),6.0
533,0,, In response to the COVID-19 coronavirus outbreak we are initiating a work from home policy at Bungie for the safety of our employees,4.0
534,0,,Italy closes all schools in an attempt to slow the spread of the increasingly deadly COVID-19 virus /via @globeandmail,5.0
535,0,,"Ontario reports new COVID-19 case, patient had travelled to Las Vegas",5.0
536,0,,International travellers ordered to avoid New Brunswick schools for 2 weeks amid COVID-19 outbreak,4.0
537,0,,"There are 27 confirmed cases of #COVID19 — 18 in Ontario, eight in British Columbia and one in Quebec. How many cases will there be by this time next week? #coronavirus",5.0
538,0,,I've read so many disturbing things about Covid 19 and I'm looking for any links to pieces that are even slightly reassuring.,4.0
539,0,,Latest Toronto case of Covid-19 travelled on transit on March 2 to 4 at 6 pm. Details in thread,5.0
540,0,,"Starting today, Ontario will update COVID-19 statistics twice daily, once at 10:30am, then again at 5:30pm",4.0
541,0,,Festival cancellations could spiral after SXSW nixed due to COVID-19 fears,2.0
542,0,,BREAKING NEWS - the NBA has suspended their season after a player on the Utah Jazz tested positive for Covid-19,8.0
543,0,,"Ontario tells all long-term care homes to screen staff, visitors and residents for COVID-19",9.0
544,0,,"No doubt many of you are following the news regarding COVID-19, originally known as the Novel Coronavirus. OCL is taking all recommended steps to ensure our approach is in-line with best practices, with a focus on keeping those in our care well.",6.0
545,0,,"UPDATED: Health officials are reporting the first case of COVID-19 in Peel Region, bringing the provincial total to 23.",10.0
546,0,,How do you talk to your kids about COVID-19 without scaring them (too much)?,2.0
547,0,,Coronavirus: Nasa images show China pollution clear amid #COVID2019 slowdown,3.0
548,0,,BBC News - Release of James Bond film No Time To Die delayed amid coronavirus fears,2.0
549,0,,South Korea's Centre for Disease Control says the number of people testing positive for coronavirus peaked on 29th Feb - 90,7.0
550,0,,"Italy coronavirus death toll soars by 133 in a day to 366, as millions adapt to widespread travel restrictions",7.0
551,0,,Health minister Nadine Dorries says she has tested positive for coronavirus and is self-isolating,9.0
552,0,,Juventus have announced that Daniele Rugani has tested positive for coronavirus.,6.0
553,0,,"South Korea religious group identified as coronavirus hotbed, officials say, amid sharp rise in confirmed cases in the country",1.0
554,0,,"Coronavirus cases in the UK have risen to 115 - with 25 of them in London, new figures show",10.0
555,0,,"BREAKING: Harvard classes will move online starting March 23 due to a growing global coronavirus outbreak, University President",2.0
556,0,,"Singularity University is hosting a FREE Virtual Summit March 16-18 to share facts, answer questions, and address your concerns around COVID-19—as well as the impact of outbreaks, epidemics, and pandemics.",1.0
557,0,,Coronavirus: how does it spread and what are the symptoms? Here’s everything we know about COVID-19,9.0
558,0,,Stanford just cancelled classes for the rest of the quarter. To those in DC proclaiming that the #COVID19 is contained,5.0
559,0,,"Tech conferences were cancelled in #Waterloo Region despite only one confirmed case of COVID-19 in the area. The True North had been scheduled in June. While virus cases in Canada are at 75 with one death, Ontario has 36 confirmed",3.0
